id;created;edited;title;episode_id;opening_crawl;director;producer;release_date
1;2025-07-24T04:01:50;2025-07-24T15:10:52;Automotive Garden;14486;driver;Shoes Nuevo Ergonomic;program Automotive Pizza;2025-07-24
2;2025-07-24T04:17:35;2025-07-24T19:41:19;parsing e-services magenta;55187;Florida;e-commerce South Unbranded;Fresh;2025-07-24
3;2025-07-24T05:07:02;2025-07-24T20:49:01;Avon Legacy;46218;copy;optical;matrix;2025-07-24
4;2025-07-24T18:07:42;2025-07-24T02:33:05;invoice connecting Chips;72881;mesh;Interactions Salad;portals District Samoa;2025-07-24
5;2025-07-24T13:25:16;2025-07-24T07:56:21;Sleek Bedfordshire synthesizing;39506;array;up Function-based;bottom-line Baby system-worthy;2025-07-24
6;2025-07-24T12:46:44;2025-07-24T14:44:55;panel Product;75955;impactful;Borders digital functionalities;Group;2025-07-24
7;2025-07-24T19:21:34;2025-07-24T13:10:41;full-range;46530;connecting;Mountain National Borders;Human Falls back-end;2025-07-24
8;2025-07-24T09:40:53;2025-07-24T12:06:26;Latvia;7264;calculating auxiliary;hack Road emulation;enable e-commerce RSS;2025-07-23
9;2025-07-24T01:34:13;2025-07-24T08:22:20;Trace;66683;Dollar driver;Drive open-source;Account;2025-07-24
10;2025-07-24T22:57:57;2025-07-24T17:02:19;bandwidth;36355;Shoes actuating;Oklahoma Research;Chair Seychelles;2025-07-24
