id;created;edited;name;height;mass;hair_color;skin_color;eyey_color;birth_year;gender
1;2025-07-24T20:54:49;2025-07-24T09:47:06;back-end;2878;35150;Togo architectures;Tools visualize Fantastic;navigate Towels;Buckinghamshire bypass;time-frame
2;2025-07-24T07:36:40;2025-07-24T03:32:24;Loan Supervisor Ports;72113;15276;Sausages Kyrgyz New;interactive grey services;cyan CFA;Security Avon;intermediate eyeballs
3;2025-07-24T18:16:42;2025-07-24T22:22:30;primary Communications;53829;26005;wireless;Applications Strategist;withdrawal;leverage Analyst;Frozen
4;2025-07-23T23:28:41;2025-07-24T22:05:03;Credit;9248;95104;compress zero;channels;compress hacking Concrete;Tasty;Awesome Future Concrete
5;2025-07-24T18:12:42;2025-07-24T21:32:32;Salad;41005;94073;Towels Wooden;Cedi Ball Tasty;Bedfordshire paradigms PCI;National Pataca;Visionary Central connecting
6;2025-07-24T20:13:12;2025-07-24T19:38:14;syndicate;81885;57144;online Cotton SAS;Buckinghamshire;programming;Cliff Keyboard calculate;users
7;2025-07-24T21:44:04;2025-07-24T17:49:47;compelling;70668;6;Organized;Ways neural;scale;Director Forint;Borders Avon
8;2025-07-24T19:55:58;2025-07-24T01:45:25;Portugal;49200;13059;mindshare Books gold;FTP zero input;asymmetric;program;Computers
9;2025-07-24T05:38:59;2025-07-24T17:45:18;pink;40765;96548;Virginia relationships Dakota;Granite Avon Customer-focused;synthesize Soap;GB leading-edge;Steel Liechtenstein generating
10;2025-07-24T08:22:52;2025-07-24T08:38:04;Mouse parse Configuration;87385;47312;Customer;Keyboard;envisioneer optimizing;experiences Wooden Tajikistan;bypassing
