id;created;edited;name;classification;designation;average_height;skin_colors;hair_colors;eye_colors;average_lifespan;languages
1;2025-07-24T01:22:12;2025-07-24T14:38:04;feed Kong;Mobility sexy;Chief Metal;8252;Computers Nebraska Cambridgeshire;Alley RAM;virtual Streamlined Taka;51683;Plastic Personal
2;2025-07-24T05:38:42;2025-07-24T13:19:48;Berkshire lime Dinar;access copy;Wyoming;58851;Computer Infrastructure;Sausages Checking;Division;29424;Representative innovate
3;2025-07-24T22:29:29;2025-07-24T22:18:05;Chile Avon Fields;PNG Consultant Producer;Mobility;1237;input;cyan calculate Gloves;vortals teal SCSI;15526;New Front-line
4;2025-07-24T22:10:36;2025-07-24T06:55:39;Bedfordshire Home Optimization;Wooden Chile;monitor calculate Borders;49677;array;Brand transmitting Account;Borders;22126;regional e-business Croatia
5;2025-07-23T23:46:55;2025-07-24T11:30:26;state;Books engineer payment;Optimization payment;98458;yellow;invoice exploit;morph;4909;Vermont
6;2025-07-24T13:06:14;2025-07-24T08:47:46;multi-byte;Soft payment Advanced;parsing;66668;Ball invoice;drive strategic;connecting Arkansas;7146;Generic Cheese
7;2025-07-24T22:43:22;2025-07-23T23:51:40;innovative Balanced bandwidth;withdrawal;Rubber;58573;Future capacitor application;deposit orchestration;Chief Virginia bandwidth;98838;robust Designer up
8;2025-07-24T18:04:48;2025-07-24T07:56:25;Dinar;International interfaces reboot;Legacy Car Alaska;43302;Dalasi Ruble;River Loan Dynamic;Compatible up;90108;withdrawal
9;2025-07-24T07:30:04;2025-07-24T12:22:18;Checking;Guiana;synthesize Soft Quality;72865;indigo AI;e-tailers withdrawal;District;70493;Licensed Multi-lateral
10;2025-07-24T02:54:51;2025-07-24T06:32:39;Facilitator collaboration enterprise;Reverse-engineered innovative RSS;US Innovative;68238;Vision-oriented Light Outdoors;Checking;driver;69745;emulation parse
